classe_mail,texte
0,"Salut Julie, J'espère que tu vas bien. Je voulais juste te dire que j'ai bien reçu le cadeau que tu m'as envoyé. C'est vraiment gentil de ta part !"
0,"Cher Monsieur, Je vous écris pour vous remercier de votre soutien lors de notre réunion la semaine dernière. Vos idées étaient vraiment précieuses et nous avons apprécié votre présence."
0,"Chère Sarah, Comment ça va ? J'ai entendu dire que tu avais obtenu une promotion au travail. Félicitations ! Tu le mérites vraiment pour tout ton dur labeur."
0,"Salut David, Est-ce que tu es disponible pour déjeuner demain ? J'aimerais discuter de quelques idées que j'ai en tête et avoir ton avis. Fais-moi savoir ce qui te convient le mieux."
0,"Cher Monsieur, Je voulais vous informer que j'ai bien reçu le colis que vous avez envoyé. Tout est en parfait état et je suis très satisfait de mon achat. Merci beaucoup !"
0,"Chère Émilie, J'espère que tu as passé de bonnes vacances. Je voulais juste te rappeler notre rendez-vous demain après-midi. J'ai hâte de te voir et de discuter avec toi."
0,"Salut Thomas, Je voulais te féliciter pour ton récent succès. J'ai entendu dire que tu avais remporté le prix du meilleur employé du mois. C'est vraiment impressionnant !"
0,"Chère Lisa, Merci de m'avoir aidé avec mes devoirs hier soir. Je ne sais pas ce que je ferais sans toi. Tu es vraiment une amie géniale et je suis reconnaissante de t'avoir dans ma vie."
0,"Cher Monsieur, Je vous écris pour vous informer que j'ai bien reçu le paiement que vous avez effectué. Tout est en ordre et je vous enverrai la confirmation dans les plus brefs délais."
0,"Salut Alex, Comment ça va ? J'espère que tu passes une bonne journée. Je voulais juste te dire que j'ai trouvé le livre que tu cherchais. Je te le ramènerai demain matin."
0,"Chère Sophie, Merci de m'avoir invitée à ta fête d'anniversaire. J'ai passé un très bon moment et j'ai adoré les gâteaux que tu as préparés. Tu es vraiment talentueuse en cuisine !"
0,"Salut Nicolas, J'ai entendu dire que tu prévoyais de partir en voyage. Je voulais juste te souhaiter de passer un bon séjour et de profiter de chaque instant. Bonnes vacances !"
0,"Chère Madame, Je vous écris pour vous informer que j'ai bien reçu votre demande de renseignements. Je prépare actuellement les informations nécessaires et je vous les enverrai bientôt."
0,"Salut Lucas, Ça fait longtemps qu'on ne s'est pas vus. J'espère que tout va bien pour toi. J'aimerais organiser une rencontre pour rattraper le temps perdu. Qu'en penses-tu ?"
0,"Chère Anne, J'espère que tu vas bien. Je voulais juste te dire que j'ai adoré la pièce de théâtre à laquelle nous avons assisté la semaine dernière. Les acteurs étaient incroyables !"
0,"Salut Martin, Comment ça va ? Je voulais juste te rappeler notre réunion demain matin à 10 heures. J'ai hâte de discuter des projets que nous avons en cours. À demain !"
0,"Chère Élodie, Je voulais te remercier de m'avoir prêté ton livre. J'ai vraiment apprécié l'histoire et j'ai passé un bon moment à le lire. Je te le rendrai dès que possible."
0,"Salut Maxime, J'espère que tu passes une bonne journée. Je voulais juste te demander si tu avais des recommandations de films à regarder. J'ai besoin de nouvelles idées."
0,"Chère Marie, Merci de m'avoir accompagnée hier soir. J'ai passé un super moment et je suis contente de t'avoir comme amie. On devrait organiser une soirée chez moi bientôt !"
0,"Cher Monsieur, Je vous écris pour vous informer que votre réservation de vol a bien été confirmée. Vous trouverez ci-joint les détails de votre itinéraire. Bon voyage !"
0,"Salut Caroline, Comment ça va ? J'espère que tu as passé un bon week-end. Je voulais juste te dire que j'ai trouvé un article intéressant que je voulais partager avec toi."
0,"Cher Alexandre, J'espère que tu vas bien. Je voulais juste te rappeler notre rendez-vous de demain. J'ai hâte de discuter de notre projet et de passer en revue les détails."
0,"Chère Laura, Merci de m'avoir aidé avec mes devoirs hier soir. Je ne comprendrais jamais les mathématiques sans toi. Tu es vraiment douée dans cette matière !"
0,"Salut Guillaume, J'ai entendu dire que tu avais décroché un nouvel emploi. Félicitations ! Je suis vraiment content pour toi et je suis sûr que tu réussiras dans ce nouveau poste."
0,"Chère Cécile, Je voulais te remercier de m'avoir accompagnée chez le médecin hier. J'apprécie vraiment ton soutien et ton amitié. On devrait se retrouver bientôt pour un café."
0,"Salut Éric, Comment ça va ? J'espère que tu te remets rapidement de ton rhume. Si tu as besoin de quoi que ce soit, n'hésite pas à me le faire savoir. Prends soin de toi !"
0,"Chère Isabelle, Merci pour le livre que tu m'as prêté. J'ai adoré l'histoire et je n'arrivais pas à le poser avant de l'avoir terminé. Tu as vraiment de bons goûts en lecture."
0,"Salut Paul, J'espère que tout va bien pour toi. Je voulais juste te rappeler notre réunion de demain matin. N'oublie pas d'apporter les documents dont nous avons besoin. À demain !"
0,"Chère Sophie, Comment ça va ? J'espère que tu passes une bonne journée. Je voulais juste te dire que je serai en retard ce soir pour notre dîner. J'espère que ce n'est pas trop grave."
0,"Cher Monsieur, Je vous écris pour vous informer que votre demande de remboursement a bien été prise en compte. Vous recevrez le montant dans les prochains jours. Merci de votre patience."
0,"Salut Anne, J'ai entendu dire que tu avais gagné le concours de photographie. Félicitations ! Tes photos sont vraiment magnifiques et tu mérites cette reconnaissance."
0,"Cher Thomas, J'espère que tu passes une bonne journée. Je voulais juste te demander si tu pouvais m'aider avec un problème informatique que j'ai rencontré. J'apprécierais vraiment ton assistance."
0,"Chère Léa, Merci pour la belle carte d'anniversaire que tu m'as envoyée. C'était une agréable surprise et ça m'a fait chaud au cœur. Tu es vraiment une amie spéciale."
0,"Salut Pierre, Comment ça va ? J'espère que tu as passé un bon week-end. Je voulais juste te dire que j'ai beaucoup apprécié notre conversation d'hier soir. Tu as vraiment de bonnes idées."
0,"Chère Charlotte, Je voulais te remercier de m'avoir donné un coup de main avec mon déménagement. Je ne sais pas ce que je ferais sans toi. Tu es vraiment une amie précieuse."
0,"Salut Mathieu, J'ai entendu dire que tu allais participer à un marathon. Je voulais juste te souhaiter bonne chance et t'encourager. Je suis sûr que tu te débrouilleras très bien."
0,"Chère Émilie, J'espère que tu passes une bonne journée. Je voulais juste te dire que j'ai vraiment apprécié notre déjeuner ensemble hier. C'était agréable de passer du temps avec toi."
0,"Salut Nicolas, Comment ça va ? Je voulais juste te rappeler notre rendez-vous de demain après-midi. J'ai hâte de discuter des projets que nous avons en cours. À demain !"
0,"Chère Madame, Je vous écris pour vous informer que votre colis a été expédié. Vous devriez le recevoir d'ici la fin de la semaine. Si vous avez des questions, n'hésitez pas à me contacter."
0,"Salut Lucas, J'espère que tout va bien pour toi. Je voulais juste te demander si tu étais disponible pour sortir ce soir. J'ai entendu parler d'un nouvel endroit sympa à visiter."
0,"Chère Anne, Comment ça va ? J'espère que tu passes une bonne journée. Je voulais juste te dire que j'ai trouvé un article intéressant sur un sujet qui pourrait t'intéresser."
0,"Salut Martin, J'espère que tu as passé un bon week-end. Je voulais juste te rappeler notre réunion de demain matin à 9 heures. N'oublie pas d'apporter les documents nécessaires."
0,"Chère Élodie, Merci de m'avoir prêté ton appareil photo. J'ai adoré prendre des photos avec et je suis impatient de voir le résultat. Je te le rendrai dès que j'aurai terminé."
0,"Salut Maxime, Comment ça va ? J'espère que tu as passé une bonne journée. Je voulais juste te demander si tu avais des recommandations de livres à lire. J'ai besoin de nouvelles idées."
0,"Chère Marie, Je voulais te remercier de m'avoir accompagnée hier soir. J'ai passé un super moment et j'apprécie vraiment ton amitié. On devrait organiser une soirée chez moi bientôt !"
0,"Salut Alexandre, J'espère que tu passes une bonne journée. Je voulais juste te rappeler notre rendez-vous de demain. J'ai hâte de discuter de notre projet en détail."
0,"Chère Laura, Merci de m'avoir aidé avec mes devoirs hier soir. Je suis vraiment reconnaissante de t'avoir comme amie. Tu es vraiment douée dans cette matière !"
0,"Salut Guillaume, J'ai entendu dire que tu avais décroché un nouvel emploi. Félicitations ! Je suis vraiment content pour toi et je suis sûr que tu réussiras dans ce nouveau poste."
0,"Chère Cécile, Je voulais te remercier de m'avoir accompagnée chez le médecin hier. J'apprécie vraiment ton soutien et ton amitié. On devrait se retrouver bientôt pour un café."
0,"Cher Eric, Comment ça va ? J'espère que tu te remets rapidement de ton rhume. Si tu as besoin de quoi que ce soit, n'hésite pas à me le faire savoir. Prends soin de toi !"
1,"Cher destinataire, découvrez le nouveau médicament révolutionnaire qui combat efficacement les signes du vieillissement. Obtenez une peau jeune et radieuse en quelques semaines seulement !"
1,Gagnez de l'argent rapidement et facilement depuis chez vous ! Notre programme exclusif vous permettra de générer des revenus substantiels sans effort. Ne manquez pas cette opportunité unique !
1,Profitez des offres incroyables dans notre casino en ligne. Jouez à une large sélection de jeux captivants et tentez votre chance pour remporter des gains fantastiques. Rejoignez-nous dès maintenant !
1,Obtenez un diplôme reconnu internationalement sans quitter votre domicile. Notre programme d'apprentissage en ligne vous offre la possibilité d'obtenir une certification dans le domaine de votre choix.
1,"Découvrez le logiciel révolutionnaire qui simplifiera votre vie professionnelle. Gérez vos tâches, organisez votre emploi du temps et boostez votre productivité avec notre solution innovante."
1,Trouvez les réponses à vos questions sur l'avenir avec notre service d'astrologie en ligne. Obtenez des prévisions personnalisées et des conseils pour prendre les bonnes décisions dans votre vie.
1,"Ne manquez pas notre offre exclusive de crédit financier. Obtenez un prêt à des conditions avantageuses pour réaliser vos projets. Réponse rapide et procédure simple, sans frais cachés."
1,Découvrez les montres de luxe à des prix exceptionnels. Ajoutez une touche d'élégance à votre style avec nos modèles raffinés et bénéficiez de remises exclusives pour une durée limitée.
1,"Perdez du poids rapidement et efficacement grâce à notre programme révolutionnaire. Brûlez les graisses, tonifiez votre corps et retrouvez une silhouette parfaite en un temps record."
1,Boostez vos performances au lit avec nos produits stimulants. Retrouvez une vie sexuelle épanouissante et surprenez votre partenaire avec des moments de plaisir intenses.
1,Investissez dans les penny stocks et maximisez vos gains. Profitez des opportunités du marché boursier pour faire fructifier votre argent rapidement. Nos conseils d'achat vous guideront vers le succès financier.
1,"Ne manquez pas notre promotion exclusive sur les logiciels professionnels. Augmentez votre productivité, simplifiez vos tâches et optimisez vos résultats avec nos solutions performantes."
1,"Découvrez les prédictions astrologiques qui vous guideront vers le succès. Obtenez des conseils personnalisés pour prendre les bonnes décisions dans votre carrière, vos relations et votre santé."
1,Obtenez un crédit financier rapidement et facilement. Notre processus de demande simplifié vous permettra d'obtenir les fonds dont vous avez besoin pour réaliser vos projets.
1,"Découvrez notre collection de montres de luxe, symboles d'élégance et de prestige. Portez une pièce d'exception à votre poignet et laissez transparaître votre style raffiné."
1,"Perdez du poids sans effort avec notre programme révolutionnaire. Brûlez les graisses, tonifiez votre corps et retrouvez une silhouette mince et sexy en un rien de temps."
1,Gagnez de l'argent depuis chez vous grâce à notre programme d'affiliation. Partagez nos produits de qualité et obtenez des commissions généreuses sur chaque vente réalisée.
1,Investissez intelligemment dans les penny stocks et multipliez votre capital. Nos conseils d'achat vous permettront d'identifier les actions prometteuses et de réaliser des bénéfices significatifs.
1,"Boostez votre productivité avec nos logiciels performants. Simplifiez vos tâches quotidiennes, organisez votre emploi du temps et atteignez vos objectifs professionnels plus rapidement."
1,Obtenez des réponses claires à vos questions grâce à notre service d'astrologie en ligne. Nos experts vous guideront à travers les étoiles pour vous aider à prendre les bonnes décisions.
1,Accédez à un crédit financier rapide et sans tracas. Réalisez vos projets personnels ou professionnels grâce à nos solutions de financement flexibles et adaptées à vos besoins.
1,Découvrez notre sélection exclusive de montres de luxe. Ajoutez une touche d'élégance à votre poignet avec nos modèles raffinés et bénéficiez de remises exceptionnelles pour une durée limitée.
1,Perdez du poids de manière efficace et durable grâce à notre programme spécialisé. Nos experts en nutrition vous guideront pour atteindre vos objectifs de perte de poids de façon saine et équilibrée.
1,Découvrez les opportunités de gains exceptionnelles dans le monde du trading en ligne. Investissez dans les marchés financiers et réalisez des bénéfices substantiels en un temps record.
1,"Optimisez votre productivité avec nos logiciels performants. Simplifiez vos tâches, gérez vos projets et améliorez votre efficacité grâce à nos solutions professionnelles."
1,Obtenez des prédictions astrologiques personnalisées pour vous guider dans votre vie. Nos experts vous aideront à prendre les bonnes décisions et à trouver l'équilibre dans tous les domaines de votre existence.
1,"Accédez à un crédit financier rapide et facile. Obtenez les fonds dont vous avez besoin pour réaliser vos projets personnels ou professionnels, avec des conditions avantageuses."
1,"Découvrez notre collection exclusive de montres de luxe. Exprimez votre style et votre raffinement avec nos modèles exceptionnels, disponibles à des prix attractifs pour une durée limitée."
1,Perdez du poids de manière saine et efficace grâce à notre programme spécialisé. Retrouvez une silhouette mince et tonique en suivant nos conseils nutritionnels et en pratiquant une activité physique adaptée.
1,"Participez aux marchés financiers et réalisez des profits substantiels. Nos experts vous guideront dans vos investissements en penny stocks pour maximiser votre potentiel de gains."
1,"Simplifiez votre gestion quotidienne avec nos logiciels performants. Gagnez du temps, organisez vos tâches et atteignez vos objectifs professionnels plus facilement."
1,Découvrez les secrets de votre avenir grâce à notre service d'astrologie en ligne. Obtenez des prédictions personnalisées et des conseils pour prendre les bonnes décisions dans votre vie.
1,Obtenez un crédit financier rapidement et sans tracas. Réalisez vos projets personnels ou professionnels grâce à notre offre de prêt flexible et adaptée à vos besoins.
1,Sublimez votre poignet avec notre collection de montres de luxe. Choisissez parmi nos modèles élégants et bénéficiez de réductions exclusives pour une période limitée.
1,Transformez votre corps et perdez du poids de manière saine et durable grâce à notre programme spécialisé. Retrouvez confiance en vous et une silhouette équilibrée en un rien de temps.
1,Découvrez les opportunités de trading en ligne pour maximiser votre potentiel de gains. Investissez dans les penny stocks et réalisez des bénéfices significatifs grâce à nos conseils d'experts.
1,"Optimisez votre productivité professionnelle avec nos logiciels performants. Simplifiez vos tâches, gérez vos projets et atteignez vos objectifs plus rapidement et efficacement."
1,Obtenez des prédictions astrologiques personnalisées pour éclairer votre chemin. Nos astrologues expérimentés vous guideront dans toutes les sphères de votre vie pour trouver l'harmonie et le succès.
1,Accédez à un crédit financier rapide et simple. Obtenez les fonds nécessaires pour concrétiser vos projets personnels ou professionnels grâce à notre offre de prêt flexible.
1,Découvrez notre collection exclusive de montres de luxe. Exprimez votre style avec nos modèles élégants et profitez de remises exceptionnelles pour une durée limitée.
1,Perdez du poids de manière efficace et saine grâce à notre programme spécialisé. Retrouvez une silhouette équilibrée et une confiance en vous renouvelée en suivant nos conseils d'experts.
1,Boostez vos gains grâce au trading en ligne. Investissez dans les penny stocks avec nos conseils d'experts et réalisez des bénéfices substantiels rapidement et facilement.
1,"Simplifiez votre gestion quotidienne avec nos logiciels performants. Gérez vos tâches, organisez votre emploi du temps et atteignez vos objectifs professionnels plus efficacement."
1,Découvrez les secrets de votre avenir grâce à notre service d'astrologie en ligne. Obtenez des prédictions personnalisées pour vous guider dans vos décisions et trouver l'harmonie dans votre vie.
1,"Accédez à un crédit financier rapide et sans tracas. Obtenez les fonds dont vous avez besoin pour réaliser vos projets personnels ou professionnels, avec des conditions avantageuses."
1,"Sublimez votre poignet avec notre collection de montres de luxe. Exprimez votre style raffiné avec nos modèles exceptionnels, disponibles à des prix attractifs pour une durée limitée."
1,Perdez du poids efficacement et durablement grâce à notre programme spécialisé. Retrouvez une silhouette équilibrée et une confiance en vous renouvelée en suivant nos conseils d'experts.
1,Maximisez vos gains grâce au trading en ligne. Investissez dans les penny stocks avec nos conseils d'experts et réalisez des bénéfices significatifs rapidement et facilement.
1,"Optimisez votre productivité professionnelle avec nos logiciels performants. Simplifiez vos tâches, gérez vos projets et atteignez vos objectifs plus rapidement et efficacement."
0,"Ceci est un simple mail de test, tout va à merveille"
0,"Bien recu, compris"
1,Devenez le plus beau de la Terre grace à ce produit non-dopant. Cliquez ici !
1,Devenez le plus beau de la Terre grace à ce produit non-dopant. Cliquez ici !
0,mail test.
0,non
0,produit
1,spam est ce mail
1,Ceci est un spam. clique ici.
1,Ceci est un spam
0,"D'accord, merci beaucoup"
1,"service suspect, produit dopant, cliquezzzzz"
0,1er mail d'une longue série. Ca va
0,"Salut Mendrika, j'espère que tu vas bien. Merci d'être passé mon ami."
1,"Viens achetez ici, c'est une révolution à tous les niveaux ! "
1,Ceci est un spam
1,"Ceci est un spam, clique ici"
1,produit non-dopant
0,"Bonjour, merci de votre aide"
1,"Bonjour, voici le fichier suite à votre demande"
0,"Bonjour, merci"
1,"Mail normal, merci"
1,A la prochaine
0,"mail normal, merci"
0,"Bonjour, merci, aurevoir"
0,"Salut, j espère que tu vas bien"
1,"Normal, rien de spécial"
0,Tout va bien merci
1,normal
1,"Salut, découvrez notre nouvelle gamme de produits anti-âge révolutionnaires pour une peau radieuse et jeune. Profitez de nos offres spéciales sur les hormones de lutte contre le vieillissement dès maintenant !"
1,"Obtenez un crédit financier rapide et facile avec nos services de prêt en ligne. Aucune vérification de crédit requise ! Cliquez ici pour profiter de nos taux avantageux dès aujourd'hui."
1,"Jouez à nos casinos en ligne et gagnez gros ! Les machines à sous, le poker, le blackjack, et plus encore vous attendent. Inscrivez-vous maintenant pour un bonus de bienvenue exclusif !"
1,"Achetez les montres les plus élégantes et les plus luxueuses à des prix incroyables. Nos montres de marque vous offriront un style incomparable. Ne manquez pas nos promotions limitées !"
1,"Obtenez votre diplôme universitaire en un temps record. Nos services vous garantissent un diplôme authentique sans effort. Boostez votre carrière dès aujourd'hui avec nous !"
1,"Découvrez les logiciels les plus puissants pour améliorer vos performances informatiques. Nos outils sont essentiels pour optimiser votre productivité. Téléchargez-les maintenant !"
1,"Consultez notre astrologue professionnel pour des prédictions révélatrices sur votre avenir. Obtenez des réponses à vos questions sur l'amour, la carrière et bien plus encore !"
1,"Rencontrez des célibataires sexy près de chez vous ! Notre site de rencontres vous mettra en contact avec des personnes intéressantes. Inscrivez-vous gratuitement dès maintenant !"
1,"Travaillez depuis chez vous et gagnez de l'argent rapidement et facilement. Notre programme vous offre une indépendance financière sans contraintes. Rejoignez-nous dès aujourd'hui !"
1,"Recevez des conseils d'experts sur les actions à faible coût qui vous rapporteront gros. Investissez intelligemment et augmentez vos gains potentiels. Ne manquez pas cette opportunité !"
1,"Participez à notre concours exclusif et gagnez des prix incroyables. Nous offrons des voyages de rêve, des gadgets high-tech et bien plus encore. Jouez maintenant pour gagner !"
1,"Rejoignez notre club VIP et bénéficiez d'avantages exclusifs. Des offres spéciales, des événements privés et des cadeaux vous attendent. Devenez membre dès aujourd'hui !"
1,"Entraînez-vous avec notre programme de fitness révolutionnaire pour perdre du poids rapidement et efficacement. Obtenez la silhouette dont vous avez toujours rêvé en peu de temps !"
1,"Augmentez vos performances au lit avec nos produits améliorant la performance sexuelle. Satisfaites votre partenaire et vivez des expériences intenses dès maintenant !"
1,"Découvrez les secrets de l'occultisme et accédez à des pouvoirs mystiques. Nos rituels vous ouvriront de nouvelles dimensions de connaissances ésotériques."
1,"Besoin d'aide pour des services suspects ? Nous offrons des solutions discrètes pour vos besoins spécifiques. Notre équipe professionnelle est à votre disposition 24/7."
1,"Nous vous proposons une gamme de services financiers sur mesure pour répondre à tous vos besoins. Contactez-nous pour un suivi personnalisé et une assistance efficace."
1,"Profitez de nos offres spéciales sur les voyages et les escapades. Des destinations exotiques vous attendent pour des vacances inoubliables. Réservez maintenant et économisez !"
1,"Découvrez les produits de beauté les plus révolutionnaires pour une peau parfaite. Nos cosmétiques haut de gamme vous donneront un teint éclatant et irrésistible !"
1,"Élevez votre style avec nos vêtements de luxe. Des collections exclusives et tendance pour homme et femme vous attendent. Magasinez maintenant pour des looks uniques !"
1,"Profitez de nos remises incroyables sur les gadgets électroniques les plus recherchés. Des smartphones aux gadgets de maison intelligente, trouvez tout ce dont vous avez besoin ici !"
1,"Découvrez nos offres spéciales sur les billets de spectacle et d'événements. Des spectacles de classe mondiale, des concerts et des expositions vous attendent. Réservez vos places maintenant !"
1,"Recevez des prédictions astrologiques personnalisées pour orienter votre avenir. Obtenez des réponses éclairantes sur l'amour, la santé, la richesse et plus encore !"
1,"Perdez du poids rapidement avec notre programme de perte de poids avancé. Des résultats visibles en peu de temps, garantie de satisfaction à 100% !"
1,"Recevez des conseils de séduction et améliorez votre vie amoureuse. Nos experts vous guideront vers le succès en amour et en relations."
1,"Découvrez notre collection de bijoux raffinés pour ajouter une touche d'élégance à votre style. Des pièces uniques pour des occasions spéciales vous attendent !"
1,"Optimisez votre potentiel avec nos formations professionnelles. Améliorez vos compétences et accédez à de nouvelles opportunités de carrière dès aujourd'hui !"
1,"Jouez aux jeux de casino les plus passionnants et gagnez gros ! Des jackpots incroyables vous attendent. Inscrivez-vous maintenant pour des récompenses exclusives !"
1,"Améliorez vos performances sportives avec nos suppléments puissants. Obtenez un avantage concurrentiel et atteignez vos objectifs dès maintenant !"
1,"Étendez votre réseau professionnel avec nos services de développement professionnel. Des opportunités de networking exclusives vous attendent !"
1,"Découvrez nos remèdes miracles pour des problèmes de santé courants. Des solutions naturelles pour une vie saine et équilibrée !"
1,"Trouvez votre âme sœur avec notre service de matchmaking haut de gamme. Des rencontres sérieuses et durables vous attendent. Inscrivez-vous maintenant pour trouver l'amour !"
1,"Profitez de nos offres spéciales sur les appareils électroniques haut de gamme. Des téléviseurs, ordinateurs portables et bien plus encore à des prix incroyables !"
1,"Découvrez les secrets de la réussite financière avec notre programme exclusif. Gérez votre argent efficacement et atteignez la liberté financière !"
1,"Rejoignez notre programme de fidélité pour des avantages exclusifs. Des remises, des cadeaux et des offres spéciales vous attendent !"
1,"Découvrez nos remèdes naturels pour des problèmes de santé courants. Des solutions efficaces pour une vie saine et équilibrée !"
1,"Trouvez votre partenaire idéal avec notre service de rencontres en ligne. Des profils compatibles vous attendent pour une connexion significative !"
1,"Profitez de nos remises exceptionnelles sur les produits de beauté de marque. Des soins pour la peau, le maquillage et plus encore à des prix incroyables !"
1,"Améliorez votre performance au travail avec nos formations en développement professionnel. Des opportunités de croissance de carrière vous attendent !"
1,"Découvrez les secrets de l'amour et de la passion avec notre guide de séduction. Obtenez des conseils pour des relations épanouissantes et durables !"
1,"Gagnez gros avec nos jeux de casino passionnants. Des jackpots massifs vous attendent. Jouez maintenant pour une chance de gagner !"
1,"Boostez votre énergie avec nos compléments alimentaires puissants. Retrouvez votre vitalité et votre bien-être dès aujourd'hui !"
1,"Trouvez le travail de vos rêves avec notre service de recherche d'emploi. Des opportunités passionnantes vous attendent. Postulez dès maintenant !"
1,"Découvrez nos secrets pour réussir dans le monde des affaires. Des stratégies éprouvées pour la réussite entrepreneuriale !"
0,"Cher Monsieur/Madame, Je vous écris pour vous informer que nous avons bien reçu votre paiement. Votre facture a été réglée avec succès et votre compte est maintenant à jour. Nous vous remercions de votre collaboration et restons à votre disposition pour toute autre demande."
0,"Chère Madame/Directrice, Suite à notre entretien téléphonique de la semaine dernière, je vous adresse ma candidature pour le poste de chef de projet au sein de votre entreprise. Je suis convaincu(e) que mes compétences en gestion de projet et mon expérience préalable me permettront de contribuer de manière significative à la réussite de vos projets à venir."
0,"Cher Monsieur/Président, Je tiens à exprimer ma gratitude pour l'opportunité qui m'a été offerte de participer à la conférence en tant que conférencier invité. C'était un honneur de partager mes connaissances avec un public aussi engagé et intéressé. Je reste à votre disposition pour toute future collaboration."
0,"Chère Madame/Directrice des Ressources Humaines, Je me permets de vous adresser ma candidature pour le poste de responsable des ventes au sein de votre entreprise. Fort(e) d'une solide expérience dans le domaine des ventes, je suis convaincu(e) de pouvoir contribuer au développement de vos activités commerciales."
0,"Cher Monsieur/Responsable des Achats, Je vous remercie pour votre intérêt à l'égard de notre entreprise. Suite à notre récente rencontre, je vous adresse notre proposition commerciale détaillée. N'hésitez pas à me contacter pour toute information supplémentaire."
0,"Chère Madame/Directrice Marketing, Je suis ravi(e) d'annoncer le succès de notre dernière campagne publicitaire. Grâce à l'engagement de notre équipe et à la qualité de notre stratégie, nous avons atteint nos objectifs et dépassé nos attentes en termes de retour sur investissement."
0,"Cher Monsieur/Chargé de Projet, Suite à notre dernière réunion, je vous transmets le rapport d'avancement du projet. Le travail avance conformément au calendrier établi et nous sommes sur la bonne voie pour respecter les délais impartis."
0,"Chère Madame/Directrice des Opérations, Je vous adresse mes remerciements pour l'organisation impeccable de notre dernier événement. La qualité des prestations et l'attention portée aux détails ont grandement contribué au succès de cette occasion spéciale."
0,"Cher Monsieur/Responsable Qualité, Nous sommes fiers de vous annoncer que notre entreprise a obtenu la certification ISO 9000. Cette reconnaissance de notre engagement envers la qualité témoigne de l'excellence de nos produits et services."
0,"Chère Madame/Directrice Financière, Je vous transmets le rapport financier du dernier trimestre. Grâce à des mesures d'optimisation et à une gestion rigoureuse, nous avons enregistré une augmentation significative de nos bénéfices."
0,"Cher Monsieur/Responsable RH, Nous vous remercions d'avoir pris en charge le processus de recrutement pour le poste de chef de département. Nous sommes convaincus que vous trouverez le candidat idéal pour ce rôle clé au sein de notre organisation."
0,"Chère Madame/Directrice des Achats, Nous sommes ravis d'annoncer que nous avons conclu un nouvel accord avec notre principal fournisseur. Cette collaboration renforcée nous permettra d'optimiser nos coûts et de garantir un approvisionnement fiable de nos produits."
0,"Cher Monsieur/Chargé de Clientèle, Suite à notre dernière conversation téléphonique, je vous confirme que nous avons procédé au remboursement de votre commande annulée. Le montant a été crédité sur votre compte bancaire et devrait être visible d'ici 3 à 5 jours ouvrables."
0,"Chère Madame/Directrice des Ventes, Je suis heureux(se) de vous annoncer que notre équipe commerciale a dépassé ses objectifs de ventes pour le dernier trimestre. Cette performance exceptionnelle est le fruit de l'engagement et du dévouement de nos collaborateurs."
0,"Cher Monsieur/Directeur Général, Je vous adresse mes félicitations pour le succès de notre dernière campagne de financement participatif. Grâce à l'appui de nos investisseurs, nous avons pu développer notre projet innovant et nous rapprocher de sa réalisation."
0,"Chère Madame/Directrice de la Communication, Je vous remercie pour la coordination efficace de notre dernière conférence de presse. La couverture médiatique positive que nous avons reçue a contribué à accroître la visibilité de notre marque."
0,"Cher Monsieur/Responsable Logistique, Je tiens à vous informer que notre nouvelle chaîne d'approvisionnement est opérationnelle. Grâce à cette optimisation, nous sommes en mesure de répondre de manière plus rapide et efficace aux demandes de nos clients."
0,"Chère Madame/Directrice des Ressources Humaines, Nous avons le plaisir de vous annoncer que notre programme de formation interne a été un succès. Nos collaborateurs ont acquis de nouvelles compétences et sont désormais mieux équipés pour relever les défis à venir."
0,"Cher Monsieur/Directeur des Opérations, Je suis ravi(e) d'apprendre que notre entreprise a remporté le contrat pour le nouveau projet de construction. Notre expertise et notre engagement envers l'excellence ont été reconnus par nos clients."
0,"Chère Madame/Directrice de Projet, Je vous transmets le rapport d'avancement du projet dans lequel nous avons identifié des opportunités d'optimisation. Nous sommes convaincus que ces ajustements nous permettront d'atteindre nos objectifs dans les délais impartis."
0,"Cher Monsieur/Responsable Marketing, Je vous adresse mes félicitations pour le succès de notre dernière campagne publicitaire. L'impact positif sur notre image de marque et les résultats obtenus démontrent l'efficacité de notre stratégie."
0,"Chère Madame/Directrice Commerciale, Suite à notre réunion de bilan, je vous adresse le rapport d'activités du dernier trimestre. Nous avons enregistré une augmentation significative de nos ventes et de nouvelles opportunités de croissance se profilent à l'horizon."
0,"Cher Monsieur/Responsable Qualité, Je vous remercie pour votre implication dans la mise en place de notre système de gestion de la qualité. Grâce à vos efforts, nous avons obtenu la certification ISO 04000, témoignant de notre engagement envers l'environnement."
0,"Chère Madame/Directrice Financière, Je vous transmets le rapport financier annuel de l'entreprise. Les résultats obtenus démontrent notre solidité financière et notre capacité à maintenir une croissance stable."
0,"Cher Monsieur/Responsable RH, Je vous adresse ma candidature pour le poste de responsable des ressources humaines au sein de votre entreprise. Fort(e) de mon expérience en gestion du personnel et en développement des compétences, je suis convaincu(e) de pouvoir contribuer à l'optimisation de votre capital humain."
0,"Chère Madame/Directrice des Achats, Suite à notre entretien téléphonique, je vous adresse notre proposition commerciale pour les produits que vous avez spécifiés. Nous nous tenons à votre disposition pour tout ajustement ou complément d'information nécessaire."
0,"Cher Monsieur/Directeur des Ventes, Je vous adresse mes félicitations pour les excellents résultats de votre équipe commerciale. Grâce à leur dévouement et leur professionnalisme, nous avons pu réaliser une croissance significative de notre chiffre d'affaires."
0,"Chère Madame/Directrice Marketing, Je suis ravi(e) d'annoncer le lancement de notre nouveau produit innovant. Grâce à ses caractéristiques uniques, nous sommes convaincus que ce produit répondra parfaitement aux attentes de notre clientèle cible."
0,"Cher Monsieur/Chargé de Projet, Je vous adresse mes remerciements pour la gestion efficace du projet. Grâce à votre expertise et votre rigueur, nous avons pu livrer le projet en respectant les délais impartis et les exigences de qualité."
0,"Chère Madame/Directrice des Opérations, Suite à notre dernier audit, je vous adresse le rapport de conformité de nos processus opérationnels. Nous sommes heureux de constater que nos pratiques sont en adéquation avec les normes et les standards de l'industrie."
0,"Cher Monsieur/Responsable Qualité, Nous vous félicitons pour l'obtention de la certification ISO 45000 pour notre système de gestion de la santé et de la sécurité au travail. Cette reconnaissance témoigne de notre engagement envers la protection et le bien-être de nos collaborateurs."
0,"Chère Madame/Directrice Financière, Je vous adresse le rapport d'analyse des performances financières du dernier trimestre. Grâce à une gestion prudente et à des investissements stratégiques, nous avons maintenu une rentabilité solide malgré un environnement économique incertain."
0,"Cher Monsieur/Responsable RH, Nous vous remercions d'avoir organisé notre dernier séminaire de développement personnel. Les retours positifs des participants démontrent l'impact positif de cette formation sur leur motivation et leur efficacité au travail."
0,"Chère Madame/Directrice des Achats, Suite à notre dernière rencontre, je vous adresse notre proposition commerciale pour les fournitures que vous avez spécifiées. Nous restons à votre disposition pour toute information supplémentaire ou ajustement nécessaire."
0,"Cher Monsieur/Directeur des Ventes, Je suis ravi(e) de vous annoncer que notre équipe commerciale a atteint ses objectifs de ventes pour ce trimestre. Cette performance témoigne de la qualité de notre équipe et de la pertinence de notre stratégie commerciale."
0,"Chère Madame/Directrice Marketing, Je vous transmets notre nouveau plan de communication pour le prochain trimestre. Notre stratégie vise à renforcer notre présence sur les réseaux sociaux et à accroître notre visibilité auprès de notre public cible."
0,"Cher Monsieur/Chargé de Projet, Nous vous remercions pour votre gestion rigoureuse du projet. Votre expertise a permis de résoudre efficacement les problèmes rencontrés et de garantir la livraison du projet dans les délais impartis."
0,"Chère Madame/Directrice des Opérations, Suite à notre dernière réunion, je vous adresse le rapport d'évaluation des performances opérationnelles. Nous avons identifié des opportunités d'optimisation et sommes convaincus que leur mise en œuvre renforcera notre efficacité globale."
0,"Cher Monsieur/Responsable Marketing, Je vous adresse mes félicitations pour le succès de notre dernière campagne publicitaire. Les retours positifs des clients et les résultats de vente démontrent l'efficacité de notre message et de notre stratégie de communication."
0,"Chère Madame/Directrice Commerciale, Je tiens à vous informer que notre nouvelle stratégie commerciale a été un succès. Grâce à l'efficacité de nos équipes et à notre focus sur la satisfaction client, nous avons augmenté notre part de marché et renforcé notre positionnement concurrentiel."
0,"Cher Monsieur/Directeur Général, Suite à notre dernière assemblée générale, je vous adresse le rapport financier annuel de l'entreprise. Nous sommes ravis de constater que notre rentabilité a été améliorée et que nos projets d'expansion sont sur la bonne voie."
0,"Chère Madame/Directrice de la Communication, Nous vous remercions pour votre gestion efficace de notre dernière conférence de presse. L'attention médiatique générée a contribué à accroître la notoriété de notre marque et à renforcer notre image de leader du marché."
0,"Cher Monsieur/Responsable Logistique, Je suis ravi(e) de vous annoncer que notre nouveau centre de distribution est opérationnel. Grâce à cette optimisation logistique, nous sommes en mesure de réduire les délais de livraison et de répondre plus rapidement aux demandes de nos clients."
0,"Chère Madame/Directrice des Ressources Humaines, Je vous adresse mes remerciements pour votre gestion efficace du processus de recrutement. Nous avons pu recruter des collaborateurs talentueux et motivés, qui contribueront à la réussite de notre entreprise."
0,"Cher Monsieur/Responsable Qualité, Suite à notre dernière réunion, je vous adresse le rapport d'audit interne de notre système de gestion de la qualité. Nous sommes satisfaits de constater que nos processus respectent les normes établies et que nous continuons à améliorer notre performance globale."
0,"Chère Madame/Directrice Financière, Nous vous remercions pour votre gestion prudente de nos finances. Malgré un contexte économique difficile, nous avons maintenu une rentabilité stable et consolidé notre position financière solide."
0,"Cher Monsieur/Responsable RH, Suite à notre dernière formation sur le leadership, je tiens à vous féliciter pour la qualité des intervenants et des contenus proposés. Cette formation a été très bénéfique pour le développement professionnel de nos collaborateurs."
0,"Chère Madame/Directrice des Achats, Nous vous remercions pour la réception des fournitures commandées. La qualité des produits livrés et la ponctualité de la livraison démontrent la fiabilité de votre entreprise."
0,"Cher Monsieur/Directeur des Ventes, Je vous adresse mes félicitations pour les résultats exceptionnels de votre équipe commerciale. Votre leadership et votre expertise ont grandement contribué à ce succès."
0,"Chère Madame/Directrice Marketing, Suite à notre dernière campagne publicitaire, je vous transmets le rapport d'analyse des résultats. Nous avons enregistré un fort taux de conversion et une augmentation significative de notre base de clients."
0,"Cher Monsieur/Chargé de Projet, Nous vous remercions pour votre gestion efficace du projet. Votre rigueur et votre professionnalisme ont permis d'atteindre les objectifs fixés dans les délais impartis."
0,"Chère Madame/Directrice des Opérations, Je suis ravi(e) de vous annoncer que notre dernier produit innovant a remporté un franc succès auprès de nos clients. Les retours positifs démontrent l'efficacité de nos recherches et de notre développement produit."
0,"Cher Monsieur/Responsable Qualité, Suite à notre dernière réunion, je vous adresse le rapport de conformité de nos processus de production. Nous sommes heureux de constater que notre système de gestion de la qualité respecte les normes établies."
0,"Chère Madame/Directrice Financière, Je vous transmets le rapport financier trimestriel de l'entreprise. Grâce à vos efforts et à une gestion prudente, nous avons maintenu une croissance stable malgré un environnement économique complexe."
0,"Cher Monsieur/Responsable RH, Nous vous remercions pour votre gestion efficace du processus de recrutement. Les nouveaux collaborateurs recrutés ont déjà apporté une contribution positive à nos projets en cours."
0,"Chère Madame/Directrice des Achats, Suite à notre dernière négociation, je vous adresse notre proposition commerciale révisée. Nous espérons que cette nouvelle offre répondra mieux à vos besoins et à vos attentes."
0,"Cher Monsieur/Directeur des Ventes, Je vous adresse mes félicitations pour les résultats exceptionnels de votre équipe commerciale. Votre leadership et votre motivation ont été des éléments clés de ce succès."
0,"Chère Madame/Directrice Marketing, Suite à notre dernière campagne publicitaire, je tiens à vous féliciter pour la créativité et l'efficacité de notre message. Nous avons enregistré un taux de conversion record et un retour sur investissement significatif."
0,"Cher Monsieur/Chargé de Projet, Nous vous remercions pour votre engagement et votre gestion rigoureuse du projet. Grâce à vos efforts, nous avons réussi à atteindre nos objectifs dans les délais impartis."
0,"Chère Madame/Directrice des Opérations, Je suis ravi(e) de vous annoncer que nous avons obtenu la certification ISO 9000 pour notre système de gestion de la qualité. Cette reconnaissance témoigne de notre engagement envers l'excellence et la satisfaction client."
0,"Cher Monsieur/Responsable Qualité, Suite à notre dernière réunion, je vous adresse le rapport de conformité de notre système de gestion de la qualité. Nous sommes satisfaits de constater que nos processus respectent les normes établies et que nous continuons à améliorer notre performance globale."
0,"Chère Madame/Directrice Financière, Nous vous remercions pour votre gestion prudente de nos finances. Malgré un contexte économique difficile, nous avons maintenu une rentabilité stable et consolidé notre position financière solide."
0,"Cher Monsieur/Responsable RH, Suite à notre dernière formation sur le leadership, je tiens à vous féliciter pour la qualité des intervenants et des contenus proposés. Cette formation a été très bénéfique pour le développement professionnel de nos collaborateurs."
0,"Chère Madame/Directrice des Achats, Nous vous remercions pour la réception des fournitures commandées. La qualité des produits livrés et la ponctualité de la livraison démontrent la fiabilité de votre entreprise."
0,"Cher Monsieur/Directeur des Ventes, Je vous adresse mes félicitations pour les résultats exceptionnels de votre équipe commerciale. Votre leadership et votre expertise ont grandement contribué à ce succès."
0,"Chère Madame/Directrice Marketing, Suite à notre dernière campagne publicitaire, je vous transmets le rapport d'analyse des résultats. Nous avons enregistré un fort taux de conversion et une augmentation significative de notre base de clients."
0,"Cher Monsieur/Chargé de Projet, Nous vous remercions pour votre gestion efficace du projet. Votre rigueur et votre professionnalisme ont permis d'atteindre les objectifs fixés dans les délais impartis."
0,"Chère Madame/Directrice des Opérations, Je suis ravi(e) de vous annoncer que notre dernier produit innovant a remporté un franc succès auprès de nos clients. Les retours positifs démontrent l'efficacité de nos recherches et de notre développement produit."
0,"Cher Monsieur/Responsable Qualité, Suite à notre dernière réunion, je vous adresse le rapport de conformité de nos processus de production. Nous sommes heureux de constater que notre système de gestion de la qualité respecte les normes établies."
0,"Chère Madame/Directrice Financière, Je vous transmets le rapport financier trimestriel de l'entreprise. Grâce à vos efforts et à une gestion prudente, nous avons maintenu une croissance stable malgré un environnement économique complexe."
0,"Cher Monsieur/Responsable RH, Nous vous remercions pour votre gestion efficace du processus de recrutement. Les nouveaux collaborateurs recrutés ont déjà apporté une contribution positive à nos projets en cours."
0,"Chère Madame/Directrice des Achats, Suite à notre dernière négociation, je vous adresse notre proposition commerciale révisée. Nous espérons que cette nouvelle offre répondra mieux à vos besoins et à vos attentes."
0,"Cher Monsieur/Directeur des Ventes, Je vous adresse mes félicitations pour les résultats exceptionnels de votre équipe commerciale. Votre leadership et votre motivation ont été des éléments clés de ce succès."
0,"Chère Madame/Directrice Marketing, Suite à notre dernière campagne publicitaire, je tiens à vous féliciter pour la créativité et l'efficacité de notre message. Nous avons enregistré un taux de conversion record et un retour sur investissement significatif."
0,"Cher Monsieur/Chargé de Projet, Nous vous remercions pour votre engagement et votre gestion rigoureuse du projet. Grâce à vos efforts, nous avons réussi à atteindre nos objectifs dans les délais impartis."
0,"Chère Madame/Directrice des Opérations, Je suis ravi(e) de vous annoncer que nous avons obtenu la certification ISO 9000 pour notre système de gestion de la qualité. Cette reconnaissance témoigne de notre engagement envers l'excellence et la satisfaction client."
cclasse_mail,texte
0,"Je vous remercie pour votre collaboration et votre engagement envers notre projet commun. Votre contribution a été inestimable dans l'atteinte de nos objectifs. Nous espérons continuer cette collaboration fructueuse dans le futur. Cordialement."
0,"Nous avons le plaisir de vous annoncer que vous avez été sélectionné(e) pour notre programme de formation exclusif. Félicitations pour votre réussite et votre engagement envers votre développement professionnel. Nous sommes impatients de vous accueillir parmi nos participants. Bien cordialement."
0,"Je tenais à vous exprimer ma gratitude pour votre diligence dans le traitement de notre demande. Votre professionnalisme et votre réactivité ont grandement facilité notre processus. N'hésitez pas à me solliciter si vous avez besoin de quoi que ce soit. Cordialement."
0,"Nous sommes ravis d'annoncer le lancement de notre nouveau site web. Grâce à votre contribution, nous avons créé une plateforme conviviale et intuitive pour nos clients. Nous vous remercions pour votre travail acharné et votre dévouement. Bien cordialement."
0,"C'est avec un grand plaisir que nous vous invitons à notre événement de gala annuel. Votre présence sera un honneur pour nous. Nous sommes convaincus que cet événement sera un succès grâce à votre soutien. Au plaisir de vous accueillir. Bien cordialement."
0,"Suite à notre dernière réunion, je tiens à vous transmettre le rapport d'avancement du projet. Votre expertise et votre leadership ont été des éléments clés dans notre progression. Merci pour votre engagement envers notre réussite commune. Cordialement."
0,"Je vous félicite pour l'obtention de votre diplôme. Votre réussite est le fruit de votre travail acharné et de votre détermination. Nous sommes fiers de compter parmi nos effectifs des talents comme vous. Encore bravo et à bientôt. Cordialement."
0,"Nous vous remercions chaleureusement pour votre généreuse contribution à notre campagne de collecte de fonds. Grâce à votre soutien, nous avons pu atteindre notre objectif et poursuivre nos actions en faveur de la communauté. Votre geste compte énormément pour nous. Bien cordialement."
0,"Nous sommes ravis de vous accueillir au sein de notre équipe. Votre expérience et vos compétences seront des atouts précieux pour notre entreprise. Nous vous souhaitons la bienvenue et restons à votre disposition pour faciliter votre intégration. Bien cordialement."
0,"Nous vous informons que votre candidature a été retenue pour le poste que vous avez postulé. Nous sommes convaincus que vos compétences et votre expérience seront un atout majeur pour notre équipe. Au plaisir de vous rencontrer lors de l'entretien. Bien cordialement."
0,"Nous vous adressons nos remerciements pour la confiance que vous nous avez accordée en nous confiant votre projet. Nous sommes impatients de collaborer avec vous et de concrétiser ensemble vos ambitions. N'hésitez pas à nous solliciter pour toute question. Cordialement."
0,"Je vous adresse mes félicitations pour l'obtention du contrat. Votre succès est le reflet de votre professionnalisme et de votre expertise. Nous sommes ravis de compter parmi nos partenaires une entreprise aussi compétente que la vôtre. Bien cordialement."
0,"Nous vous remercions pour votre implication dans notre dernière enquête de satisfaction. Vos commentaires nous sont précieux pour améliorer notre qualité de service. Nous apprécions votre participation et restons à votre écoute pour toute autre suggestion. Bien cordialement."
0,"C'est avec un grand plaisir que nous vous convions à notre prochain événement de networking. Cet événement sera l'occasion de rencontrer des professionnels de votre secteur et d'échanger sur les opportunités de collaboration. Nous espérons vous compter parmi nous. Cordialement."
0,"Nous sommes ravis de vous annoncer que vous avez été sélectionné(e) pour notre programme de mentorat. Votre expertise sera très appréciée par nos participants en quête d'accompagnement. Nous vous remercions pour votre engagement et votre bienveillance envers notre communauté. Bien cordialement."
0,"Je vous transmets nos sincères remerciements pour votre contribution à notre dernier événement caritatif. Grâce à votre soutien, nous avons pu récolter des fonds essentiels pour soutenir notre cause. Nous espérons pouvoir compter à nouveau sur votre générosité. Bien cordialement."
0,"Nous vous félicitons pour l'obtention de votre prix prestigieux. Cette reconnaissance est le fruit de votre dévouement et de votre talent. Nous sommes fiers de vous compter parmi notre réseau d'excellence. Encore bravo et à bientôt. Cordialement."
0,"Nous tenions à vous remercier pour votre collaboration fructueuse lors de notre dernier projet. Votre professionnalisme et votre flexibilité ont été très appréciés. Nous espérons pouvoir poursuivre cette collaboration dans le futur. Bien cordialement."
0,"Je vous adresse mes sincères condoléances suite au décès de votre proche. En ces moments difficiles, sachez que nous sommes à vos côtés pour vous soutenir. Nous partageons votre peine et vous présentons nos pensées les plus sincères. Bien cordialement."
0,"Nous vous remercions pour votre participation active lors de notre dernier séminaire. Votre contribution a enrichi les discussions et les échanges. Nous espérons pouvoir compter sur votre présence lors de nos prochains événements. Bien cordialement."
classe_mail,texte
0,"Nous vous remercions pour votre collaboration et votre engagement envers notre projet commun. Votre contribution a été inestimable dans l'atteinte de nos objectifs. Nous espérons continuer cette collaboration fructueuse dans le futur. Mes sincères salutations."
0,"Suite à notre dernière réunion, je tiens à vous informer que les décisions prises seront mises en œuvre dès cette semaine. Nous vous remercions pour votre contribution et votre implication dans ce processus. Salutations distinguées."
0,"Nous avons le plaisir de vous annoncer que vous avez été sélectionné(e) pour notre programme de formation exclusif. Félicitations pour votre réussite et votre engagement envers votre développement professionnel. Nous sommes impatients de vous accueillir parmi nos participants. Mes sincères salutations."
0,"Je tenais à vous exprimer ma gratitude pour votre diligence dans le traitement de notre demande. Votre professionnalisme et votre réactivité ont grandement facilité notre processus. N'hésitez pas à me solliciter si vous avez besoin de quoi que ce soit. Salutations distinguées."
0,"Nous sommes ravis d'annoncer le lancement de notre nouveau site web. Grâce à votre contribution, nous avons créé une plateforme conviviale et intuitive pour nos clients. Nous vous remercions pour votre travail acharné et votre dévouement. Salutations distinguées."
0,"C'est avec un grand plaisir que nous vous convions à notre événement de gala annuel. Votre présence sera un honneur pour nous. Nous sommes convaincus que cet événement sera un succès grâce à votre soutien. Au plaisir de vous accueillir. Mes sincères salutations."
0,"Nous vous remercions pour votre implication dans notre dernier projet. Votre expertise et votre leadership ont été des éléments clés dans notre progression. Merci pour votre engagement envers notre réussite commune. Salutations distinguées."
0,"Je vous félicite pour l'obtention de votre diplôme. Votre réussite est le fruit de votre travail acharné et de votre détermination. Nous sommes fiers de compter parmi nos effectifs des talents comme vous. Encore bravo et à bientôt. Mes sincères salutations."
0,"Nous vous adressons nos remerciements pour la confiance que vous nous avez accordée en nous confiant votre projet. Nous sommes impatients de collaborer avec vous et de concrétiser ensemble vos ambitions. N'hésitez pas à nous solliciter pour toute question. Salutations distinguées."
0,"Je vous adresse mes félicitations pour l'obtention du contrat. Votre succès est le reflet de votre professionnalisme et de votre expertise. Nous sommes ravis de compter parmi nos partenaires une entreprise aussi compétente que la nôtre. Mes sincères salutations."
0,"Nous vous remercions pour votre collaboration lors de notre dernier événement. Vos idées et vos contributions ont enrichi les discussions et ont contribué à la réussite de cette occasion spéciale. Salutations distinguées."
0,"C'est avec un grand plaisir que nous vous convions à notre prochain séminaire sur les tendances du marché. Cet événement sera une occasion unique d'enrichir vos connaissances et de rencontrer d'autres professionnels du secteur. Nous espérons vous compter parmi nous. Mes sincères salutations."
0,"Nous sommes heureux de vous informer que notre entreprise a été récompensée pour sa contribution en faveur du développement durable. Cette distinction est le reflet de notre engagement envers l'environnement. Merci pour votre soutien continu. Salutations distinguées."
0,"Nous vous remercions pour votre fidélité envers notre entreprise. Nous sommes heureux de compter parmi nos clients des partenaires tels que vous. N'hésitez pas à nous solliciter pour toute demande ou suggestion. Mes sincères salutations."
0,"Suite à notre récente collaboration, nous vous prions de bien vouloir remplir notre enquête de satisfaction. Vos commentaires nous permettront d'améliorer la qualité de nos services et de mieux vous satisfaire à l'avenir. Salutations distinguées."
0,"Nous vous remercions pour votre présence lors de notre dernier événement. Votre participation a contribué à la réussite de cette occasion spéciale. Nous espérons vous compter parmi nous lors de nos prochains événements. Mes sincères salutations."
0,"Nous tenons à vous exprimer nos plus sincères remerciements pour votre don généreux en faveur de notre association caritative. Votre soutien nous permettra de continuer nos actions envers les plus démunis. Salutations distinguées."
0,"Nous vous informons que nous avons pris en compte votre réclamation et nous enquêtons sur l'incident. Nous mettons tout en œuvre pour résoudre ce problème dans les plus brefs délais et nous vous tiendrons informé(e) de la suite des événements. Salutations distinguées."
1,"Bonjour, Nous vous informons de l'offre exclusive pour perdre du poids rapidement avec notre nouveau produit révolutionnaire. Ne manquez pas cette occasion et cliquez sur le lien pour découvrir notre formule magique pour une silhouette parfaite en quelques semaines."
1,"Bonjour, Vous cherchez à gagner de l'argent rapidement et facilement ? Ne cherchez plus ! Notre programme de travail à domicile est fait pour vous. Cliquez sur le lien ci-dessous pour commencer à gagner de l'argent dès maintenant."
1,"Bonjour, Nous vous offrons la possibilité de doubler votre investissement en quelques jours seulement. Ne laissez pas passer cette opportunité et suivez notre conseil d'achat de petites actions. Cliquez ici pour commencer à investir."
1,"Bonjour, Vous avez été sélectionné(e) pour recevoir une montre de luxe gratuite. Cliquez sur le lien pour obtenir votre montre gratuite dès maintenant."
1,"Bonjour, Vous cherchez à obtenir un diplôme rapidement et sans effort ? Notre programme vous offre la possibilité d'obtenir un diplôme en quelques jours seulement. Cliquez ici pour en savoir plus."
1,"Bonjour, Vous voulez découvrir votre avenir ? Notre service d'astrologie vous offre une consultation gratuite. Cliquez ici pour en savoir plus sur votre destin."
1,"Bonjour, Nous vous offrons la possibilité de rencontrer des personnes partageant les mêmes intérêts que vous. Cliquez ici pour rejoindre notre communauté de sexualité douteuse."
1,"Bonjour, Vous voulez en savoir plus sur l'occultisme et les forces mystérieuses ? Rejoignez notre cercle d'initiés en cliquant ici."
1,"Bonjour, Nous vous offrons un crédit financier sans enquête de crédit. Cliquez ici pour obtenir votre crédit immédiatement."
1,"Bonjour, Vous avez reçu un message en chaîne. Ne le brisez pas ! Envoyez ce message à 10 de vos contacts pour recevoir une surprise incroyable."
1,"Bonjour, Notre entreprise vous propose une offre exclusive. Cliquez ici pour découvrir nos produits et profiter de réductions exceptionnelles."
1,"Bonjour, Vous avez manqué notre dernière offre. Ne laissez pas passer cette occasion ! Cliquez ici pour profiter de notre promotion exceptionnelle avant qu'il ne soit trop tard."
1,"Bonjour, Votre courriel n'a pas pu être livré. Veuillez cliquer sur le lien pour voir les détails de la non-livraison et résoudre le problème."
1,"Bonjour, Votre compte a été compromis ! Cliquez ici pour réinitialiser votre mot de passe et protéger votre compte."
1,"Bonjour, Vous avez remporté un prix incroyable ! Cliquez ici pour réclamer votre prix dès maintenant."
1,"Bonjour, Votre banque vous demande de mettre à jour vos informations personnelles. Cliquez ici pour accéder à votre compte et confirmer vos informations."
1,"Bonjour, Vous avez été sélectionné(e) pour participer à notre sondage. Cliquez ici pour répondre à nos questions et recevoir une récompense."
1,"Bonjour, Vous avez un message vocal en attente. Cliquez ici pour écouter votre message dès maintenant."
1,"Bonjour, Nous avons besoin de votre avis ! Cliquez ici pour répondre à notre enquête et influencer nos décisions futures."
1,"Bonjour, Vous avez une dette en souffrance. Cliquez ici pour payer votre dette immédiatement et éviter des conséquences graves."
1,"Bonjour, Vous êtes invité(e) à participer à notre événement exclusif. Cliquez ici pour réserver votre place et vivre une expérience unique."
1,"Bonjour, Vous avez la chance de gagner un voyage de rêve. Cliquez ici pour participer à notre tirage au sort et tenter votre chance."
1,"Bonjour, Vous cherchez des solutions de crédit ? Cliquez ici pour obtenir un crédit rapide et facile en quelques minutes seulement."
1,"Bonjour, Vous avez été sélectionné(e) pour tester notre nouveau produit. Cliquez ici pour devenir l'un de nos testeurs privilégiés."
1,"Bonjour, Vous êtes invité(e) à rejoindre notre club VIP. Cliquez ici pour découvrir les avantages exclusifs réservés à nos membres."
1,"Bonjour, Vous cherchez un emploi ? Cliquez ici pour consulter nos offres d'emploi et postuler dès maintenant."
1,"Bonjour, Vous avez une opportunité unique d'investir dans notre entreprise. Cliquez ici pour devenir l'un de nos actionnaires et bénéficier de rendements élevés."
1,"Bonjour, Vous cherchez des solutions pour améliorer votre santé ? Cliquez ici pour découvrir nos produits de santé naturels et profiter de promotions exceptionnelles."
1,"Bonjour, Vous êtes invité(e) à notre événement de lancement exclusif. Cliquez ici pour réserver votre place et être parmi les premiers à découvrir notre nouveau produit."
1,"Bonjour, Vous avez la possibilité de devenir votre propre patron. Cliquez ici pour en savoir plus sur notre programme de travail à domicile et commencer votre propre entreprise."
1,"Bonjour, Vous avez gagné une séance de coaching gratuite. Cliquez ici pour réserver votre séance et bénéficier de conseils personnalisés pour atteindre vos objectifs."
1,"Bonjour, Vous êtes invité(e) à participer à notre programme de fidélité. Cliquez ici pour vous inscrire et bénéficier de récompenses exclusives."
1,"Bonjour, Vous avez la possibilité de devenir un influenceur et de gagner de l'argent en ligne. Cliquez ici pour en savoir plus sur notre programme d'influenceur et commencer à gagner dès maintenant."
1,"Bonjour, Vous êtes sélectionné(e) pour recevoir un échantillon gratuit de notre produit. Cliquez ici pour obtenir votre échantillon et découvrir notre produit révolutionnaire."
1,"Bonjour, Vous avez été choisi(e) pour recevoir notre offre spéciale. Cliquez ici pour profiter de réductions exceptionnelles sur nos produits."
1,"Bonjour, Vous avez la possibilité de gagner un iPhone dernier cri. Cliquez ici pour participer à notre concours et tenter votre chance."
1,"Bonjour, Vous êtes invité(e) à notre événement exclusif réservé aux membres. Cliquez ici pour devenir membre et profiter d'avantages uniques."
1,"Bonjour, Vous avez la chance de gagner un voyage de luxe. Cliquez ici pour participer à notre tirage au sort et vivre une expérience inoubliable."
1,"Bonjour, Vous êtes sélectionné(e) pour bénéficier de notre offre spéciale de lancement. Cliquez ici pour profiter de réductions exceptionnelles sur notre nouveau produit."
1,"Bonjour, Vous avez la possibilité de tester notre nouveau produit en avant-première. Cliquez ici pour devenir l'un de nos testeurs privilégiés et donner votre avis."
1,"Bonjour, Vous êtes invité(e) à notre événement de networking exclusif. Cliquez ici pour réserver votre place et rencontrer des professionnels de votre secteur."
1,"Bonjour, Vous cherchez des solutions pour améliorer vos performances au travail ? Cliquez ici pour découvrir nos formations professionnelles et développer vos compétences."
1,"Bonjour, Vous avez été choisi(e) pour bénéficier d'une offre de crédit exclusive. Cliquez ici pour obtenir votre crédit et réaliser vos projets sans attendre."
1,"Bonjour, Vous avez la possibilité de gagner un bon d'achat de 100€. Cliquez ici pour participer à notre jeu concours et tenter votre chance."
1,"Bonjour, Vous êtes invité(e) à notre événement de dégustation exclusif. Cliquez ici pour réserver votre place et découvrir nos produits haut de gamme."
1,"Bonjour, Vous avez la chance de gagner un séjour dans un hôtel de luxe. Cliquez ici pour participer à notre concours et vivre une expérience exceptionnelle."
1,"Bonjour, Vous êtes sélectionné(e) pour bénéficier de notre offre spéciale réservée aux clients fidèles. Cliquez ici pour profiter de réductions exclusives sur nos produits."
1,"Bonjour, Vous cherchez des solutions pour améliorer votre bien-être ? Cliquez ici pour découvrir nos produits de beauté et de relaxation et profiter d'offres spéciales."
1,"Bonjour, Vous avez été choisi(e) pour tester notre nouvelle application. Cliquez ici pour devenir l'un de nos testeurs et donner votre avis sur notre application innovante."
1,"Bonjour, Vous êtes invité(e) à participer à notre programme de parrainage. Cliquez ici pour devenir parrain et bénéficier d'avantages exclusifs."
1,"Bonjour, Vous avez la possibilité de gagner un voyage tout compris. Cliquez ici pour participer à notre tirage au sort et vivre des vacances de rêve."
1,"Bonjour, Vous êtes sélectionné(e) pour recevoir un cadeau surprise. Cliquez ici pour obtenir votre cadeau et découvrir la surprise qui vous attend."
1,"Bonjour, Vous cherchez des solutions pour améliorer votre productivité ? Cliquez ici pour découvrir nos outils professionnels et optimiser votre travail."
1,"Bonjour, Vous avez la chance de gagner un bon d'achat de 50€. Cliquez ici pour participer à notre jeu concours et tenter de remporter votre bon d'achat."
1,"Bonjour, Vous êtes invité(e) à notre événement de démonstration exclusif. Cliquez ici pour réserver votre place et découvrir notre produit en action."
1,"Bonjour, Vous avez la possibilité de tester notre nouveau service en avant-première. Cliquez ici pour devenir l'un de nos testeurs privilégiés et donner votre avis sur notre service innovant."
1,"Vous avez été sélectionné pour une offre exclusive ! Ne manquez pas cette opportunité de gagner gros au casino en ligne le plus réputé. Cliquez dès maintenant pour réclamer vos bonus incroyables et commencez à jouer !"
1,"Êtes-vous à la recherche de diplômes authentiques et rapides ? Nous offrons des diplômes de toutes les grandes universités. Obtenez votre diplôme en un temps record ! Cliquez pour en savoir plus."
1,"Perdez du poids rapidement et efficacement avec nos produits révolutionnaires ! Dites adieu aux régimes ennuyeux et essayez notre solution innovante. Cliquez ici pour en savoir plus et transformez votre vie dès aujourd'hui !"
1,"Découvrez votre avenir avec notre service d'astrologie premium. Obtenez des prédictions personnalisées et des conseils pour prendre les bonnes décisions. Ne laissez pas le doute vous envahir, cliquez pour en savoir plus !"
1,"Ne laissez pas votre vie intime stagner. Découvrez nos produits pour améliorer votre sexualité dès maintenant ! Des résultats garantis. Cliquez ici pour en savoir plus."
1,"Vous souhaitez travailler depuis chez vous et gagner de l'argent facilement ? Ne manquez pas cette opportunité ! Cliquez pour commencer votre nouvelle carrière dès aujourd'hui !"
1,"Des gains rapides et faciles vous attendent ! Recevez des conseils d'experts en investissement et découvrez comment faire fructifier votre argent. Ne tardez pas, cliquez maintenant !"
1,"Avez-vous déjà rêvé de posséder une montre de luxe à un prix abordable ? Notre promotion exceptionnelle est faite pour vous. Cliquez pour découvrir nos offres incroyables !"
1,"Nous sommes désolés, mais nous n'avons pas pu remettre votre colis. Veuillez cliquer ici pour confirmer vos informations de livraison et recevoir votre colis dès que possible."
1,"Votre compte bancaire a été temporairement suspendu en raison d'une activité suspecte. Cliquez ici pour rétablir l'accès à votre compte et protéger vos fonds."
1,"Vous avez gagné un prix incroyable ! Cliquez sur le lien ci-dessous pour réclamer votre prix dès maintenant. Ne manquez pas cette occasion unique !"
1,"Votre inscription est complète, mais vous devez confirmer votre numéro de téléphone pour valider votre compte. Cliquez ici pour terminer votre inscription en quelques étapes simples."
1,"Vous avez été sélectionné pour participer à notre sondage exclusif. Partagez votre opinion et gagnez une récompense exceptionnelle. Cliquez pour commencer le sondage maintenant !"
1,"Nous vous remercions d'avoir participé à notre programme de fidélité. Pour recevoir vos récompenses, veuillez cliquer ici et fournir vos informations de contact."
1,"Votre opinion est importante pour nous. Partagez votre avis en répondant à notre enquête rapide et gagnez des avantages exclusifs. Cliquez ici pour débuter l'enquête."
1,"Ne manquez pas notre offre promotionnelle limitée dans le temps ! Cliquez dès maintenant pour bénéficier de réductions incroyables sur nos produits et services."
1,"Vous avez été sélectionné pour un essai gratuit de notre nouveau logiciel révolutionnaire. Cliquez pour télécharger dès maintenant et découvrez comment simplifier votre vie professionnelle."
1,"Notre nouvelle application mobile est maintenant disponible ! Téléchargez-la dès maintenant et profitez de fonctionnalités exclusives pour faciliter votre quotidien."
1,"Ne manquez pas notre événement spécial de ventes flash ! Des offres incroyables vous attendent. Cliquez ici pour voir nos offres exceptionnelles."
1,"Vous avez été inscrit(e) à notre liste de diffusion. Cliquez pour accéder à votre compte et personnaliser vos préférences de communication."
1,"Vous êtes invité(e) à notre webinaire exclusif animé par des experts du secteur. Cliquez pour réserver votre place et ne manquez pas cette occasion unique d'apprendre auprès des meilleurs."
1,"Vous êtes à la recherche de services de qualité ? Découvrez notre entreprise et bénéficiez d'offres spéciales. Cliquez ici pour en savoir plus et contactez-nous pour toute demande."
1,"Nous vous offrons la possibilité de rejoindre notre programme de partenariat. Cliquez pour découvrir les avantages et commencer à gagner de l'argent avec nous dès aujourd'hui."
1,"Notre nouveau programme de formation est disponible. Cliquez pour vous inscrire et développer vos compétences professionnelles dès maintenant."
1,"Nous vous remercions de votre achat récent. Cliquez pour laisser un commentaire et partager votre expérience avec d'autres clients."
1,"Ne manquez pas notre offre exclusive réservée aux membres VIP. Cliquez pour vous inscrire et bénéficier d'avantages spéciaux dès aujourd'hui."
1,"Vous avez été choisi(e) pour participer à notre programme de test bêta. Cliquez ici pour accéder à la version d'essai de notre produit et nous faire part de vos commentaires."
1,"Votre compte est en attente de validation. Cliquez pour confirmer vos informations et accéder à votre espace client."
1,"Vous êtes invité(e) à notre événement spécial. Cliquez pour vous inscrire et recevoir plus d'informations sur cet événement exclusif."
1,"Notre équipe d'experts est disponible pour vous aider. Cliquez pour prendre rendez-vous et discuter de vos besoins spécifiques."
1,"Nous avons une offre spéciale pour vous. Cliquez pour découvrir notre sélection de produits adaptés à vos préférences."
1,"Ne manquez pas notre vente flash de 24 heures. Cliquez pour accéder à nos offres spéciales et profiter de réductions incroyables."
1,"Votre satisfaction est notre priorité. Cliquez pour nous faire part de vos commentaires et nous aider à améliorer nos services."
1,"Vous avez été sélectionné(e) pour recevoir un bonus spécial. Cliquez pour activer votre bonus et bénéficier d'avantages supplémentaires."
1,"Nous avons des offres spéciales rien que pour vous. Cliquez pour découvrir nos promotions exclusives et économiser sur vos achats."
1,"Votre compte est désormais actif. Cliquez pour vous connecter et découvrir les fonctionnalités de votre espace client."
1,"Notre nouveau catalogue est maintenant disponible. Cliquez pour consulter notre sélection de produits et passer votre commande."
1,"Nous vous remercions pour votre intérêt envers notre entreprise. Cliquez pour en savoir plus sur nos services et discuter avec notre équipe."
1,"Vous êtes invité(e) à participer à notre programme de parrainage. Cliquez pour en savoir plus et gagner des récompenses exclusives."
1,"Ne manquez pas notre événement spécial. Cliquez pour réserver votre place et profiter de conférences de haut niveau."
1,"Vous êtes l'un(e) de nos clients privilégiés. Cliquez pour découvrir nos offres exclusives et économiser sur vos achats."
1,"Nous vous remercions pour votre inscription. Cliquez pour commencer à utiliser nos services et bénéficier de nos avantages."
1,"Notre équipe est à votre disposition pour toute demande. Cliquez pour nous contacter et obtenir une réponse rapide à vos questions."
1,"Vous avez reçu un cadeau spécial. Cliquez pour réclamer votre cadeau et profiter d'avantages supplémentaires."
1,"Nous vous remercions de votre confiance envers notre entreprise. Cliquez pour découvrir nos services et bénéficier de réductions spéciales."
1,"Ne manquez pas notre offre exclusive réservée aux membres. Cliquez pour vous inscrire et accéder à nos offres spéciales."
1,"Votre abonnement a été renouvelé avec succès. Cliquez pour accéder à votre compte et gérer votre abonnement."
1,"Nous avons une offre spéciale pour vous. Cliquez pour découvrir nos promotions en cours et économiser sur vos achats."
1,"Ne manquez pas notre vente flash de 48 heures. Cliquez pour découvrir nos offres spéciales et profiter de réductions incroyables."
1,"Votre satisfaction est notre priorité. Cliquez pour nous faire part de vos commentaires et nous aider à améliorer nos services."
1,"Vous avez été sélectionné(e) pour recevoir un bonus spécial. Cliquez pour activer votre bonus et bénéficier d'avantages supplémentaires."
