<?xml version="1.0" encoding="UTF-8"?>
<project-private xmlns="http://www.netbeans.org/ns/project-private/1">
    <editor-bookmarks xmlns="http://www.netbeans.org/ns/editor-bookmarks/2" lastBookmarkId="0"/>
    <open-files xmlns="http://www.netbeans.org/ns/projectui-open-files/2">
        <group>
            <file>file:/D:/3eme_Annee/S5/TOVO/Immobilisation/src/java/ammortissement/Lineaire.java</file>
            <file>file:/D:/3eme_Annee/S5/TOVO/Immobilisation/src/java/servlet/AmortissementLineaireServlet.java</file>
            <file>file:/D:/3eme_Annee/S5/TOVO/Immobilisation/src/java/exercice/Exercice.java</file>
        </group>
    </open-files>
</project-private>
